<?xml version="1.0" encoding="UTF-8"?>

<!-- generated on Tue 22 Oct 2019 02:37:02 PM CDT by SUMO gui Version 0.32.0
<?xml version="1.0" encoding="UTF-8"?>

<configuration xmlns:xsi="http://www.w3.org/2001/XMLSchema-instance" xsi:noNamespaceSchemaLocation="http://sumo.dlr.de/xsd/sumoConfiguration.xsd">

    <input>
        <net-file value="demo.net.xml"/>
        <route-files value="demo.rou.xml"/>
        <additional-files value="demo.add.xml"/>
    </input>

    <output>
        <tripinfo-output value="tripinfo.xml"/>
    </output>

    <traci_server>
        <remote-port value="52807"/>
    </traci_server>

</configuration>
-->

<tripinfos xmlns:xsi="http://www.w3.org/2001/XMLSchema-instance" xsi:noNamespaceSchemaLocation="http://sumo.dlr.de/xsd/tripinfo_file.xsd">
</tripinfos>
